{"a5baa210": "Y", "dc4928ee": "N", "06789d23": "Y", "c26cd44c": "N", "11e77aab": "N", "796a2228": "Y", "08329bda": "N", "cea4a581": "Y", "679f76fc": "N", "ef720285": "N", "e3ab1a08": "N", "13aa5d4f": "Y", "4dbf89a0": "N", "c7472d03": "Y", "766977f8": "Y", "39e99c7a": "N", "e6670cc0": "N", "cef5c2fd": "N", "896fbc57": "N", "5b255beb": "N", "d8e75f62": "Y", "39612ec7": "Y", "9f1f9f83": "N", "a1480806": "Y", "e0236564": "N", "53fdc813": "N", "b2b92af1": "N", "7bab73f4": "Y", "cfde989c": "Y", "b5d323b8": "Y", "989de6ff": "Y", "a077cdd8": "Y", "1a3b6df1": "N", "e004230b": "N", "c6068b6d": "Y", "c496cff7": "Y", "4d6c97a5": "N", "b438a80f": "N", "0a6188cf": "Y", "80b143ce": "Y", "48d793bb": "N", "3bd3621d": "Y", "68c2946c": "N", "a51541f6": "N", "b2433793": "N", "9fa05b81": "Y", "707e68d1": "Y", "bc79eacc": "N", "69e5f202": "N", "910000a2": "Y", "af04c07f": "N", "5915c84a": "Y", "af8829dd": "Y", "5432d981": "N", "041e7060": "Y", "0df90b44": "Y", "0604097b": "N", "72cea7fa": "N", "168de30f": "Y", "704345be": "Y", "42c39a2a": "Y", "decf40e5": "Y", "e721591c": "Y", "3aa9079c": "N", "f324636a": "Y", "427f8c70": "N", "eeee04da": "Y", "d1ec865f": "N", "ca4af644": "Y", "0c7c96f0": "Y", "34eb2529": "Y", "bbdba7c6": "N", "8cd3e8bb": "N", "4c1820ad": "Y", "26487dcd": "N", "cdb40ae1": "Y", "d2eeae06": "Y", "0b2fe890": "N", "491b0bec": "N", "144647aa": "N", "e35b856e": "N", "520f377f": "N", "61a35a76": "Y", "194fb432": "N", "fb98e5e4": "Y", "d4f8d317": "N", "ddd5decf": "N", "4084831c": "N", "83904be2": "N", "876b9b6f": "Y", "97373378": "Y", "6f82a691": "Y", "7121ccba": "N", "80f067ad": "Y", "0b858b28": "N", "30562168": "N", "43252112": "N", "e10c88d0": "N", "0b7f101d": "Y", "2e5ab211": "Y", "5289d49f": "Y", "0bc9a46a": "N", "25bb82c7": "N", "7a5a1b4f": "N", "d0f32b60": "N", "c5ee1877": "Y", "534635ec": "Y", "f2109bd2": "Y", "59ff8ac5": "Y", "a054ecf2": "N", "058a1c28": "N", "060fa765": "N", "72938594": "N", "390ae704": "Y", "c880d6fa": "N", "49c8ab29": "Y", "25650f3a": "Y", "b50d9661": "N", "f3b50af8": "N", "f337f5d3": "Y", "9bfe203c": "Y", "ae82bb8f": "N", "38ae7942": "Y", "ea6f9bcb": "Y", "59b4db04": "Y", "8414895f": "N", "21414672": "N", "bee8d854": "Y", "6c8289f0": "Y", "9c8489cc": "N", "a3c2bdab": "N", "7dddba82": "N", "5b2ffc51": "N", "cc3d81e6": "Y", "a54ae3e3": "N", "1e540f63": "N", "7786cb88": "N", "e730f54a": "Y", "3e056af9": "N", "dce17467": "N", "5ee00735": "Y", "e253be7d": "Y", "b36de689": "N", "13962083": "Y", "4911e748": "N", "f70bd42b": "N", "dcdacb5a": "Y", "17d292f4": "N", "b6c77ec2": "N", "8c08ce0e": "N", "f87d2a3f": "Y", "2f9825e3": "N", "c451ffa4": "Y", "8741cd81": "Y", "e056a043": "N", "db1b8a5e": "N", "f133cdbd": "N", "e165fd69": "N", "da75af98": "N", "f3532ae3": "N"}